quarter,USA,JPN,DEU,FRA,ITA,GBR,CAN,AUS,AUT,BEL,CZE,DNK,EST,FIN,GRC,HUN,ISL,IRL,ISR,KOR,LUX,MEX,NLD,NOR,NZL,PRT,SVK,SVN,ESP,SWE,CHE,TUR,EA,OECD,EURO
1970:1,58.59764578,88.68219282,113.0088702,42.02443873,49.9430356,22.18349222,34.3741766,28.5334308,,37.20896144,,50.74719573,,56.29958321,,,,27.56158062,,,,,34.24004596,38.29548437,31.02654156,,,,,55.21649607,77.47434622,,,,
1970:2,58.36250696,90.98983731,114.7968346,41.46938821,50.34184996,22.32002831,34.57285569,28.93409033,,36.86418842,,50.28987888,,58.0438929,,,,28.29719242,,,,,34.72167469,37.80582495,31.51374444,,,,,55.42597681,79.01363582,,,54.7170611,54.14702843
1970:3,58.91648177,94.33420705,116.4248494,40.91712663,50.87709551,22.61363561,35.14935934,29.50281127,,36.29820778,,49.82993503,,58.40450014,,,,28.79707768,,,,,34.7046502,37.63650378,31.62413233,,,,,55.44357383,80.16945499,,,55.36207216,54.37910903
1970:4,59.16318933,95.22268172,116.9708566,40.32849684,50.69416503,22.24456488,35.42854878,29.56099821,,35.54551871,,48.54748899,,58.54968622,,,,29.02383342,,,,,35.29203632,37.63763808,31.12951985,,,,,55.2256232,82.56073347,,,55.44425037,54.25985483
1971:1,59.73253017,97.33615443,118.2582588,39.80324649,49.64643387,22.35870733,35.41049773,29.77397882,,34.83917942,,51.60617699,,56.19296881,,,,29.07690879,,,,,35.26151561,37.11427115,31.38196106,,,,28.0827945,54.27443848,84.68447279,,,55.78337393,53.96082558
1971:2,60.69630705,99.53783053,119.5955099,39.2267747,50.351924,22.56989713,35.77274384,30.09602928,,34.25570944,,52.11471628,,58.34211404,,,,29.19240119,,,,,35.83223494,36.77797629,30.81425022,,,,27.98200895,54.11333863,83.93312752,,,56.42114505,54.19080776
1971:3,60.89710409,101.6124709,120.262387,39.44269161,51.09957758,23.18815058,35.64034621,30.64034605,,34.08125068,,52.67801625,,55.73613253,,,,29.26236696,,,,,36.89473158,36.83042159,31.06173897,,,,27.72650959,54.01209866,86.00571693,,,56.89402902,54.51766988
1971:4,62.31081884,103.1250135,121.2839003,40.17302561,51.29326929,24.14822797,36.47982221,30.95933662,,34.32069504,,53.66138479,,55.33410046,,,,29.27127824,,,,,36.89239639,36.55752547,30.78097514,,,,27.42302697,54.0044859,87.23219379,,,57.87197204,54.88352439
1972:1,61.3560284,105.9622801,122.0091589,40.92414096,50.44021002,25.34480819,36.66479979,31.18620869,,34.63788542,,55.14411796,,55.85091484,,,,29.3719447,,,,,36.82197186,36.80916496,31.32731359,,,,27.28671196,54.56650825,90.34601558,,,58.04875824,55.02331818
1972:2,62.75610789,108.2946434,122.1260925,42.03135662,49.73522016,27.61123805,36.68177559,31.52196783,,35.0587798,,57.52848893,,55.33774643,,,,29.41405278,,,,,36.53686257,36.28210813,31.9375049,,,,27.15457974,54.72438969,95.09756362,,,59.2114151,55.17071883
1972:3,63.60831207,110.8157266,121.9437867,42.38318568,48.60411666,30.59336527,36.97519253,31.91921627,,35.58415094,,56.71688469,,56.84646623,,,,29.21563046,,,,,36.90564511,36.07985094,33.07235103,,,,27.28297363,54.62418365,97.2208358,,,60.1698692,55.10334396
1972:4,64.79407054,119.908647,121.6036183,42.49717962,48.61647847,32.21944164,37.79416779,32.98542152,,36.28719877,,57.38034625,,59.31154721,,,,28.8442722,,,,,37.25472177,35.964781,34.692092,,,,27.81400685,54.6272766,100.088769,,,61.65175199,55.31877412
1973:1,66.33454228,126.4366217,120.8167019,43.01754034,48.94869479,35.40911135,38.78446745,33.46756575,,37.14854163,,58.59969293,,60.99610417,,,,28.53777704,,,,,37.76434354,36.2005561,36.22395228,,,,28.47533849,54.98443652,105.6099062,,,63.3527252,55.69201603
1973:2,66.62382479,131.8169448,121.5336711,43.10449708,47.84321148,36.70099101,40.35493263,34.52016022,,38.10168736,,59.95511374,,62.67921159,,,,28.16880391,,,,,37.71051505,36.80493044,37.12502523,,,,28.89769164,54.82106417,102.7108782,,,64.11225979,55.74239518
1973:3,67.30705691,136.5071068,121.7203792,43.64857284,44.41856209,37.85431971,42.80202857,36.22672083,,38.71468488,,61.06460857,,65.39055967,,,,28.22449835,,,,,38.24090021,36.92238841,39.73604488,,,,30.01289266,54.27481031,104.5560713,,,64.93642192,55.46599224
1973:4,67.6945858,137.4629903,121.4815144,44.6533477,47.82431645,36.9831502,45.46053455,37.20492265,,38.92104182,,59.8306742,,66.65289969,,,,28.76390277,,,,,39.10760896,37.50895402,43.92784012,,,,31.86701534,53.84436829,101.6066663,,,65.8136155,57.10215684
1974:1,66.88902448,132.6448436,121.2277706,45.11982334,55.80347335,36.03466652,48.55764698,38.72545076,,37.63425817,,57.05739076,,64.97897909,,,,29.14986619,,,,,39.4683845,37.89155443,48.18074029,,,,33.41306508,53.75281245,98.37558409,,,66.16261699,59.46413157
1974:2,66.17938997,128.6891048,121.0075348,45.55200832,63.85844183,34.58175662,49.69539595,38.37080093,,39.4366042,,53.94156367,,65.62627108,,,,29.45656891,,,,,38.86587548,38.73185263,53.01694874,,,,35.23106046,53.12132275,95.56611725,,,66.34115106,61.82705964
1974:3,66.44939239,124.5211786,120.5836253,45.68695018,70.92134385,33.23397671,48.33989635,37.04640727,,39.90394656,,52.84883994,,64.63316854,,,,29.79370242,,,,,38.67918616,39.31911245,53.56934954,,,,35.58873401,53.45593594,92.90703332,,,66.39225668,63.3277828
1974:4,65.44770881,115.3389378,119.1002213,45.20385795,71.8556438,32.12488243,46.28057179,35.99995917,,38.95883226,,54.67170555,,62.56198693,,,,30.39400647,,,,,38.72110867,39.49353027,52.32883732,,,,34.19307632,55.10969805,91.19160037,,,64.92012591,62.73379207
1975:1,65.58447137,110.506079,117.6384405,44.85272278,67.92428453,30.45134204,47.10156767,35.67904574,,39.32499907,,57.04284684,,58.15546474,,,,30.72828487,,,,,38.97189813,39.65969688,51.77622225,,,,33.21147039,56.01512816,85.34218178,,,63.9595818,61.42072497
1975:2,66.37880349,108.9058516,116.3880446,44.55928914,65.90221848,29.45236316,48.17896962,35.76418934,,39.66410102,,58.43858283,,57.07270421,,,,30.8873056,,,,,39.18572918,39.0166293,49.70966626,,,,32.32760498,57.03761244,82.12154609,,,63.73603663,60.57149861
1975:3,65.18958941,106.795513,115.8747075,44.85639383,63.79775239,28.89025299,49.07882657,35.7729342,,39.8457288,,59.66987971,,56.85405011,,,,30.78332348,,,,,39.5352258,38.78551921,48.66192472,,,,31.88753352,57.77308277,80.42042735,,,62.94316721,60.11224464
1975:4,65.18309292,105.0468358,115.0097631,45.5148436,63.68810726,28.00661598,49.45719212,34.88900234,,41.289731,,57.90687323,,59.36028902,,,,30.84995932,,,,,41.68533198,38.96876398,47.54074599,,,,31.8728538,58.24900908,78.99214376,,,62.7587345,60.46962474
1976:1,65.07711426,102.9404061,114.2116242,45.93662384,64.01210132,27.80064668,50.058218,35.05030405,,43.78494726,,58.28376246,,55.17921554,,,,30.29746771,,,,,43.52470257,38.38970392,46.06133122,,,,31.85216704,58.91699473,77.62612168,,,62.63851108,60.74878798
1976:2,67.28525873,100.8385422,113.6637819,46.878982,65.49148764,27.74731549,50.28542522,34.89281888,,44.28813588,,57.9976639,,55.13851903,,,,29.80415973,,,,,45.53641571,39.44223351,44.70481607,,,,31.82352041,59.54068754,77.37096397,,,63.50985305,61.40545393
1976:3,67.37585296,99.56886698,113.5038534,47.36009728,68.15631658,27.3928509,50.20675883,34.47938765,,45.31162639,,57.82186864,,54.19172425,,,,29.120924,,,,,49.66424938,39.51375345,44.12343153,,,,32.41320007,60.11679668,74.41093094,,,63.71729724,62.53387732
1976:4,67.22056284,98.82004208,114.4323255,47.81039518,69.68895047,26.48086042,50.66971902,34.50907407,,46.59845762,,58.52216249,,53.23366689,,,,31.48361266,,,,,52.23286151,39.97867923,43.6258253,,,,33.56035754,60.6394143,76.88991017,,,63.89861057,63.67901083
1977:1,67.90714859,97.86761616,115.1918176,48.70006975,70.41337661,25.89945525,49.59528345,34.38711048,,46.88053129,,57.50919057,,52.05429221,,,,30.07031444,,,,,57.72995347,40.0672754,42.78342018,,,,34.51911938,61.60550473,75.49633255,,,64.26784388,64.78893792
1977:2,69.90286682,97.36419545,116.3795069,48.98671009,70.09811903,25.28266929,48.97244287,34.16190713,,47.99613005,,59.86011996,,50.70465024,,,,30.68612925,,,,,61.8961472,39.88188054,41.41710471,,,,35.12606943,62.3716056,76.26294475,,,65.05636258,65.48032765
1977:3,70.48086997,97.19698283,117.242526,49.28437985,68.10960174,25.25142009,48.38890358,33.90490446,,49.06102498,,60.91601952,,49.71582076,,,,32.05752937,,,,,64.52180195,39.93821804,40.40253844,,,,35.92082695,62.93772511,76.85246431,,,65.3008209,65.72803329
1977:4,72.04408293,97.80715745,118.3160005,49.57182527,66.56410948,25.65090733,48.0531622,33.81114401,,51.59428735,,62.64834573,,49.2628854,,,,33.33785378,,,,,65.30830522,39.7876998,39.05616702,,,,37.37031999,63.26815993,76.12107369,,,66.11569683,66.20198414
1978:1,73.04334917,97.76867989,120.0663763,49.97381581,65.40364651,25.73746716,46.86703705,34.07180575,,50.99801152,,63.94639464,,48.4557498,,,,36.29484385,,,,,65.87820788,39.43080571,38.34301642,,,,39.18642368,63.29076669,76.98123702,,,66.63446084,66.80167792
1978:2,74.48740679,97.97660918,120.6382494,49.85336871,65.97744405,26.4997315,47.79790454,32.93862825,,51.77595136,,65.129101,,48.42892507,,,,39.41520443,,,,,66.79368546,38.02708585,37.3316853,,,,40.70352806,63.51586816,78.47135772,,,67.5098721,67.43638485
1978:3,75.41270741,98.24754007,122.5592652,49.80304529,68.06025766,27.48976258,47.34117359,32.82672978,,52.99985619,,65.59232852,,47.20883397,,,,41.04029923,,,,,63.63836282,38.64814548,36.92241753,,,,40.58909186,63.91973542,79.48005057,,,68.22509758,68.07797848
1978:4,75.91201112,99.90324009,125.4193757,50.02688376,71.96943244,28.7080083,47.43693089,32.29764709,,53.723014,,64.57470715,,47.53300422,,,,39.70859771,,,,,63.40453113,38.67677042,36.30759349,,,,39.12600368,64.58846224,81.17846892,,,69.11437024,69.23267687
1979:1,77.87714774,101.6082896,127.1128987,50.33923252,77.61591456,29.70884953,48.25245468,33.15539019,,54.35461477,,64.73629956,,46.92588887,,,,40.26918718,,,,,61.15483924,38.71938468,35.80207964,,,,37.90814584,65.46411359,81.26481321,,,70.59809539,70.43752624
1979:2,78.23383294,103.294251,128.0891543,50.3226241,78.34846145,31.12790831,48.42345313,34.18021696,,54.80030771,,65.82982473,,47.08030499,,,,45.0160206,,,,,59.16690023,38.15874524,34.86028488,,,,36.60401837,65.8881345,80.77836618,,,71.15236266,70.46046531
1979:3,77.99907448,104.7811734,128.4993366,50.7646771,74.36642546,31.21217623,47.84705057,34.51492351,,54.99920641,,65.70499839,,47.2543107,,,,42.36059208,,,,,58.40582901,37.86996747,33.78916185,,,,35.44110844,65.82886949,82.16013622,,,70.92247798,69.58768309
1979:4,77.71553644,106.4152335,129.0451666,52.30708547,69.35441565,32.01666691,47.87993133,34.56923984,,54.49631334,,63.94048132,,47.45456381,,,,42.43581141,,,,,56.2423441,38.0508972,33.18104266,,,,34.52944165,65.36491236,83.83581972,,,70.82200358,68.7749846
1980:1,76.74044796,107.3208681,127.9657093,53.09605498,62.87375184,32.44169721,47.49603461,33.93079836,,54.62838686,,61.34150594,,47.62116057,,,,41.66389667,,,,,54.23890894,38.41240603,32.54160634,,,,33.95646872,63.65934349,86.14161619,,62.9293157,70.01281512,67.13756314
1980:2,76.08381843,108.3592676,127.8354787,54.14146325,66.14222257,32.3787784,48.81108411,34.50911202,,52.74000267,,57.64728518,,48.29396636,,,,39.30007352,,,,,51.41308871,38.58129997,31.76149958,,,,32.88029318,62.19961252,85.88144518,,62.22531045,70.06450816,67.62126274
1980:3,76.44637915,110.1477901,128.7293861,54.75649873,73.73389475,32.58816901,49.73967843,35.36774331,,50.72989484,,57.66450399,,49.39293859,,,,39.14196356,,,,,48.2016408,38.27949457,31.78332752,,,,32.5335434,60.9436905,86.48705402,,62.36151701,70.99096842,69.24925567
1980:4,74.83270186,112.0065909,129.6920331,54.88364369,83.16349194,31.82306762,50.65881793,35.96196547,,48.5584816,,56.00839897,,48.23922586,,,,40.88924915,,,,,47.92266966,38.59136407,31.91931785,,,,31.58758342,59.9016372,86.33477565,,63.252449,71.11546247,71.04080561
1981:1,73.50015307,113.4370599,129.8243493,54.80402039,91.61499201,31.42032558,50.87841084,37.02140429,,47.19285289,,53.87786763,,49.17910317,,,,41.09258754,,,,,46.80641862,38.29543887,32.42001636,,,,31.26528277,58.5269846,88.13487715,,64.53058277,71.1715756,72.41387604
1981:2,73.69135896,115.4750423,129.9471053,54.74656091,92.87986282,31.30168103,50.59128215,37.01279102,,45.97976961,,49.94433912,,49.40795684,,,,40.62051744,,,,,43.68299895,37.64509991,33.36170256,,,,29.89936877,57.10640927,90.90718037,,64.96742742,71.21314636,71.94385692
1981:3,73.6925953,117.174438,129.1877199,53.81093516,86.58544869,30.80493935,50.89434894,36.19121825,,44.23699588,,47.49320502,,50.2251345,,,,42.32204207,,,,,41.44179972,36.8339391,34.77441721,,,,29.30789394,55.61624322,89.18627814,,64.66100615,70.61562083,70.03080124
1981:4,72.5285787,118.5825978,127.5144247,52.7639203,83.54538306,29.65036532,49.90068511,37.08614208,,43.42509933,,46.97538896,,50.9026965,,,,39.28410212,,,,,38.65128694,37.14606472,36.68366904,,,,27.89365166,54.17701501,90.27886255,,63.44994709,69.53257964,68.18080638
1982:1,72.67849685,120.0606453,126.3936835,51.83397985,83.54331838,28.5379535,46.72470473,35.52007494,,41.2518131,,45.0623001,,52.47277731,,,,39.28058862,,,,,36.83001151,37.30387505,38.58132855,,,,26.97425993,53.01219158,90.55578111,,61.78336926,68.98259449,67.19347095
1982:2,72.66209123,121.8136346,125.1918737,50.89203486,85.36423461,29.33870632,43.87152038,35.32330148,,40.43826667,,44.18701147,,53.23317161,,,,39.45276793,,,,,35.88044901,36.98207018,39.58160701,,,,26.43102228,51.85420494,88.54535602,,60.66816162,68.88787746,66.75920169
1982:3,70.89123972,122.7204049,123.6779477,50.56983555,86.1297266,29.28812832,42.39576281,34.18755898,,40.55531439,,42.96050656,,54.34674059,,,,36.68925485,,,,,36.19394263,36.53966903,39.37459815,,,,26.49784985,50.66897434,87.57657117,,59.98088497,68.07764901,66.57619321
1982:4,71.00686059,123.6400873,122.4757544,49.96594192,84.29712792,29.42944974,41.85690719,33.28838433,,39.72015623,,43.23280188,,56.37146908,,,,36.98307935,,,,,35.46994794,36.32336482,39.04553986,,,,26.86850341,49.46659004,89.10237624,,59.55600176,67.91744571,65.89645235
1983:1,71.64519317,124.6346544,122.3804228,49.10123233,80.43958995,30.2861128,43.98837995,33.09941919,,38.3533129,,45.86892341,,58.0612359,,,,36.19450066,,,,,35.39730582,36.86908028,39.65316949,,,,28.10993919,47.98219616,87.78992249,,59.75502826,68.24641629,65.21078823
1983:2,71.72117643,125.2856251,122.0157697,48.25716286,78.19228062,30.87635133,43.72181208,33.35370104,,37.63738686,,50.71523281,,59.21975214,,,,36.76547733,,,,,36.18434687,36.6711088,39.61560819,,,,28.31049772,46.75964278,88.68517627,,59.65790008,68.23997593,64.61075156
1983:3,71.38943515,125.9539388,119.9760547,47.45684269,76.68225107,31.35647818,42.97574423,33.27250641,,36.67622374,,51.2677428,,60.90679273,,,,38.29185688,,,,,36.00143455,35.9486668,40.21932466,,,,28.58066557,45.74397265,90.73601097,,59.16737261,67.91992665,63.78861794
1983:4,71.30603242,126.230182,118.2248001,46.59828395,73.84132274,31.59751179,42.1415828,34.04593495,,36.3480278,,51.85292879,,62.21039659,,,,38.91380085,,,,,35.23606193,35.64674668,41.20168031,,,,28.4553655,44.97940021,91.39510277,,58.44423899,67.53524227,62.61425506
1984:1,71.59077647,126.4654435,116.402595,45.79524768,70.92576183,31.98439954,41.11854102,34.30887755,,36.40418291,,53.09881025,,62.30219242,,,,38.33317453,,,,,34.94207102,36.42836283,42.12533497,,,,27.85402342,44.66054791,90.65206622,,57.53557049,67.24316213,61.33849393
1984:2,71.81737456,126.6668689,114.7601377,45.13240261,69.32806574,32.06554463,41.3030374,34.52969321,,36.27647069,,53.23866434,,62.79187795,,,,36.81876951,,,,,34.47775749,38.08869009,42.43949136,,,,27.39381147,44.40283898,92.52715216,,56.87867387,67.07716979,60.37898724
1984:3,71.98650264,126.9619004,114.1436899,44.79257763,68.41449594,32.66566609,40.91201518,35.99047732,,35.61007112,,53.69295435,,63.96324948,,,,35.77245033,,,,,34.69772684,39.73155386,42.41384831,,,,27.39126261,44.10077131,92.38529233,,56.41251667,67.14648325,59.97684154
1984:4,72.11878408,127.2514256,113.9195769,44.82058548,66.57680816,33.00825508,40.67782272,35.40488074,,35.14215427,,55.61607638,,62.77233743,,,,35.11855021,,,,,34.74690219,41.79000957,42.2231971,,,,27.75247167,43.85881617,91.92824603,,56.02067994,67.12566571,59.6150771
1985:1,72.23526888,127.2543236,112.863062,44.8749961,63.32483988,33.11619077,40.37117406,36.40234543,,34.61500903,,56.5066331,,62.92822264,,,,35.36619967,,,,,33.45781021,42.6818774,41.33161527,,,,28.28391138,43.32000944,93.77322197,,55.47323465,66.92668341,58.77388637
1985:2,72.72847768,127.824561,112.7611962,44.92988194,61.2157821,33.54182912,41.09025844,35.81205744,,34.02424222,,58.74491917,,62.14498489,,,,35.21946673,,,,,34.16343234,42.80403454,40.92427901,,,,27.92404277,43.06916615,92.86430806,,55.08420437,67.05715016,58.27091894
1985:3,73.30001901,128.1518554,113.4371491,45.25128422,60.77652749,33.43761378,42.00233714,36.44970489,,34.33806947,,63.08479424,,61.96579481,,,,35.22465288,,,,,33.62277104,44.60729734,40.95084818,,,,28.17331785,42.84230629,94.15214647,,55.10011738,67.45906574,58.40380491
1985:4,73.59461102,128.6082507,113.2451468,45.68279576,60.2551401,34.42877914,42.9245138,36.26596487,,34.62815987,,64.73932106,,61.88461456,,,,34.87078591,,,,,34.52318228,47.92844934,41.57912136,,,,27.96027154,42.89148294,94.74453848,,55.02994863,67.83176671,58.43804037
1986:1,74.46709352,128.9441651,113.5828427,46.33514119,59.7523706,35.25385989,43.55654022,36.00918709,,34.74380298,,67.83981773,,62.4662369,,,,34.5228818,,138.8839553,,,34.64180055,52.72037501,41.59453706,,,,27.54415129,42.98795605,97.66219038,,55.14332483,68.40908909,58.50085018
1986:2,76.10993334,129.8932621,114.9297161,46.89091069,59.34720895,36.38711634,46.14175147,36.51536006,,35.33218933,,68.19772359,,61.11286201,,,,35.37692621,,137.0384914,,,35.02372056,54.52338469,40.87468417,,,,28.27217359,43.33578064,96.58529708,,55.71346312,69.54214194,59.02263914
1986:3,76.87166575,131.0833956,114.5574579,47.64850795,59.3912578,37.23327744,47.70970477,35.74438983,,36.28514604,,66.24166302,,61.63912193,,,,34.53812341,,135.0771882,,,36.14447338,55.2688565,39.94822486,,,,30.18112744,43.88042634,98.49108126,,56.33383099,70.31814194,59.78509807
1986:4,77.58815451,133.1499069,114.047789,48.3697712,59.72100904,38.20222044,49.47804809,35.06630852,,36.16138297,,66.74090493,,62.46570616,,,,33.90377757,,136.3067807,,,36.13801155,55.59403998,38.84388252,,,,32.36150024,44.77701256,100.2029393,,57.02360734,71.17589282,60.43213889
1987:1,78.27717332,135.3048855,113.9900445,49.1744428,59.981585,39.27966461,51.69757678,34.88230217,,36.71115648,,60.93871151,,62.40305004,,,,33.5032293,,131.7050415,,,36.55037641,52.59128375,39.78624573,,,,36.07152968,45.68626524,100.4274712,,58.18025707,72.10572917,61.51468319
1987:2,78.75604472,138.5419466,113.1157519,50.01629486,60.38219665,40.61223914,51.65222075,34.93061563,,36.71885491,,60.27747718,,64.99676477,,,,32.52385516,,130.0135695,,,36.87203979,56.20066864,41.02234581,,,,37.87059045,46.2755059,103.9275579,,59.14570502,72.91737556,62.09194617
1987:3,78.89237981,142.6630892,112.4312097,50.91059398,61.436899,41.74056293,52.66319836,34.98719168,,37.2073072,,59.3286533,,67.13402903,,,,33.55907019,,130.8897732,,,37.14026308,54.1001863,42.32669307,,,,40.7377752,46.94131768,105.6249246,,60.05964409,73.81817233,63.09384576
1987:4,78.70777258,144.0473869,112.4101735,51.85705191,62.19641479,43.92378771,53.79396415,35.81558704,,37.60627612,,58.24305762,,69.73858525,,,,34.12378715,,137.1042128,,,37.62824701,53.75538512,43.85893661,,,,43.31712571,48.55320629,106.3774961,,61.03449976,74.63060904,64.09824904
1988:1,79.32221058,145.7417526,112.9373369,52.80667942,62.58504547,45.895262,57.22573361,36.66787367,,38.12720612,,58.27404101,,74.8669157,,,,34.57600508,,139.6927082,,,37.24745176,53.97732699,43.82024763,84.06396221,,,44.75054895,49.74347385,111.0390023,,62.03469866,75.74914556,64.87717146
1988:2,80.01456823,147.0712499,112.4491329,53.64106001,62.1863026,47.8211275,58.81528095,38.23188465,,39.54104736,,57.57131561,,80.67853011,,,,34.19303732,,144.4419289,,,37.95525758,52.9699778,44.65485186,84.88595699,,,47.26794749,51.17319386,114.7985979,,63.03125265,76.78160846,65.5900966
1988:3,79.87100355,148.1559546,111.5828479,54.30338074,61.5478865,52.88061831,60.22203269,41.44312568,,40.07341889,,58.08244797,,86.71383088,,,,36.2139722,,148.897523,,,38.44632635,52.80874523,44.43127968,86.16804483,,,48.35447098,53.26029533,117.8746522,,63.92447788,77.69776605,65.86103394
1988:4,79.8164738,149.918765,112.3828014,54.9404546,65.39867461,55.76867547,62.39509279,44.58809703,,40.53886832,,57.77164696,,95.33857461,,,,35.28943426,,147.2856648,,,38.90783847,52.60739082,44.38255769,88.48930983,,,50.56151023,54.51010216,126.5945696,,65.27274008,78.96292978,67.62902897
1989:1,79.84101564,152.2398615,111.1411535,55.45828777,72.82152672,56.73166943,67.84416259,47.58417241,,41.83556603,,56.24758095,,100.4878786,,,,34.76434103,,151.3373806,,,39.20904451,50.74548141,45.07819612,88.26309452,,,52.50615929,56.42236801,126.875564,,66.19197539,80.34887075,69.67548129
1989:2,79.87576931,153.6211,110.9017229,55.9173456,76.87616145,57.5545876,61.89402396,47.69459161,,42.81928347,,55.62432228,,101.4252398,,,,35.82831181,,158.2202369,,,39.6001029,47.98461905,44.65280663,88.09479573,,,54.62486623,58.12121625,128.757434,,67.38198464,80.84310687,71.04224557
1989:3,81.10464614,156.653475,112.3899199,56.59855058,78.69149923,57.89490616,63.7285233,47.08529552,,43.47578569,,54.33844184,,100.9945514,,,,36.30483202,,158.1323308,,,40.45028142,45.82125621,44.5463723,91.21027823,,,56.39415625,58.93031707,128.939548,,68.88082553,82.06626609,72.3321363
1989:4,81.13207259,161.7240091,114.3211941,57.31373669,81.87073475,56.40863033,65.48126173,46.23932743,,45.09599209,,53.25981253,,97.94606369,,,,38.68810522,,156.9547377,,,40.7276266,45.02568472,44.74581498,92.04824628,,,57.56561166,58.80422489,129.627121,,70.17497959,82.88222159,73.86855607
1990:1,80.44562294,166.7288872,114.884201,58.14018028,84.50660398,55.1835082,62.68273973,45.74323371,,46.14988575,,51.49932825,,92.97700245,,,,39.95187932,,161.7888269,,,40.44526661,43.70729077,45.21807139,91.77634338,,,59.51855238,60.20688778,127.1281298,,70.8771117,83.15649992,74.98772448
1990:2,80.05242093,171.4699283,116.5122632,58.830011,90.23043221,53.62999014,58.96766076,45.51079194,,46.06780852,,50.17641171,,91.78798238,,,,41.16845157,,167.2853854,,,40.93251843,43.06161919,45.23234097,92.15352489,,,59.41362089,59.76582012,122.8635587,,72.49366481,83.58502832,76.64836843
1990:3,79.54050342,176.5169741,117.9124241,59.18320674,91.59158267,52.67657991,60.13956526,44.71180341,,46.50429349,,49.1424718,,91.3538968,,,,41.03346396,,168.538409,,,40.10715796,41.4253043,44.82048611,93.06841589,,,60.45457565,59.09888376,120.7661471,,73.60396557,83.89346339,77.38186254
1990:4,78.20429217,176.7189459,117.9333106,59.28228876,92.74533429,51.32725582,58.70567605,43.83035367,,46.84772112,,48.63319491,,87.44699531,,,,40.24201797,,172.7453568,,,39.46137386,39.86623146,43.90748642,94.04247997,,,60.45582533,57.34789155,116.7625084,,74.32761894,83.15967574,77.51719892
1991:1,78.47377316,177.5158196,119.7653078,59.47781392,91.15830503,50.18805169,59.31522417,43.7340024,,46.71974129,,48.99685027,,80.26231383,,,,40.73059202,,170.6032903,,,39.21588482,39.42558336,43.23173048,96.97587727,,,63.82624055,58.98984977,114.5688181,,74.97486379,83.40407658,78.07658488
1991:2,78.08998886,176.4989128,119.4480245,59.58722336,93.69523627,48.35232804,62.02476286,44.11449956,,45.94387742,,49.05163366,,78.37964186,,,,39.95444438,,171.1705081,,,39.83058713,38.01896477,42.68465889,98.68126462,,,63.47090883,57.06961772,113.7308241,,75.69764738,83.22455887,78.45602937
1991:3,77.69044219,175.4622052,118.6142292,59.15335228,93.71915755,47.60963251,59.5918823,45.17073535,,47.1299974,,49.29110735,,75.03796678,,,,40.73942714,,166.6885717,,,39.89872048,37.38286797,42.56267188,99.51539096,,,64.55738213,56.31686155,115.3780523,,75.67807462,82.75801435,78.37184339
1991:4,77.82212869,172.2593715,118.561372,58.26283353,94.91827623,47.1858661,59.22281577,44.67140821,,47.60805264,,49.21366832,,70.60751186,,,,41.19766376,,158.5053176,,,40.409463,37.25656979,42.3684254,100.9263033,,,64.84189876,56.27611331,111.443656,,75.72687492,82.3748749,78.4052389
1992:1,78.27330942,170.1599752,121.1202978,57.57952324,92.88864643,46.34322986,58.66693858,44.24850972,,48.23405075,,48.89481538,,68.542479,,,,40.74302013,,151.5065436,,,41.50662728,35.80276092,41.92528659,102.3617625,,,61.0997546,53.74952137,108.3695418,,75.65448305,81.98327762,78.04371234
1992:2,77.68232062,166.9357071,121.6137908,56.6982825,94.79730048,44.97709658,59.52613834,44.31773648,,49.34533417,,48.46962451,,65.56683671,,,,40.31992284,,144.5770438,,,40.33326289,36.04008556,42.41441285,103.7587813,,,60.70065497,52.06093853,106.7933015,,75.85330912,81.29707854,78.08362472
1992:3,77.84855486,164.3750659,122.7397888,56.15958751,94.72603809,44.43823153,60.25459295,44.13900503,,48.95811371,,47.84086897,,60.80338793,,,,39.94322851,,140.6366895,,,43.0014122,35.06886026,42.54025664,101.7438131,,,58.61159429,49.98002006,102.7610325,,75.71136613,80.97376406,77.98231216
1992:4,77.92545767,161.9584313,123.3891829,55.86806318,94.73494499,43.12160262,60.40424343,44.24090072,,48.73254784,,46.06667852,,56.91393283,,,,40.105546,,138.9499542,,,42.68274743,34.48675884,42.60432674,100.0886955,,,58.89927273,46.59278402,101.3500583,,75.68474441,80.56405646,77.9196163
1993:1,77.49441661,159.4943486,123.4703101,55.55312603,92.27566129,43.22692969,59.68540073,44.55681455,,48.92603776,,45.56881255,,53.99955317,,,,40.0361595,,136.0078251,,,43.22899888,33.8860352,42.797508,98.15536133,,,56.86787845,43.55358085,99.65764629,,74.95804463,79.824367,77.09200226
1993:2,77.74463979,158.0454023,124.107935,55.25959833,90.77849279,42.96235297,60.14686743,44.44016543,,49.92309829,,44.9803472,,53.0996373,,,,40.2010733,,131.6512706,,,43.6967684,34.29345946,43.41490252,97.4153411,,,56.68485397,42.62407191,98.27180838,,74.66753301,79.6557625,76.92219759
1993:3,77.98939733,155.8657235,124.6909062,54.98416081,88.83792059,43.08669312,59.67213307,44.33407116,,49.46154952,,47.34351385,,54.16101986,,,,39.82193868,,128.596921,,,44.68708108,34.80972704,44.02292072,96.07117182,,,56.631451,42.03848092,94.47414615,,74.38957678,79.43934081,76.66881439
1993:4,78.27829837,155.0608126,125.3229641,54.83216868,86.97865351,42.58187104,59.13484328,44.54824947,,50.89749725,,49.39861088,,55.90176679,,,,40.94496678,,124.9447894,,,45.84180267,36.37559132,45.33445603,94.98279007,,,56.36069436,42.53031146,95.18407293,,74.24937497,79.40334699,76.61852697
1994:1,78.72279071,154.036607,125.610582,54.8057666,85.01221278,43.28823423,61.33424788,45.0588552,,51.13177972,,51.85417065,,56.32263343,,,,41.7067658,,120.5009795,,,47.51523579,38.72669393,47.38647285,94.40014211,,,55.72736452,43.35838429,97.1073219,,74.1652248,79.63993707,76.39617834
1994:2,78.94918243,152.7278016,126.4356933,54.69297425,83.4539036,43.43081361,61.16318519,45.28324904,,51.49791105,,51.3421424,,56.78521552,,,,41.00874757,,117.575551,,,48.18455836,38.50811099,48.91621351,93.2354623,,,54.47162576,43.61875776,97.25097232,,73.95893338,79.50578885,76.10147135
1994:3,78.88152399,152.3085123,126.8792654,54.17041972,81.67628985,43.36527395,60.98444346,45.74017111,,51.93211729,,50.72193112,,56.58295414,,,,41.85236729,,115.0912783,,,49.27001458,39.23122487,50.31668529,93.36695303,,,54.4210657,43.69465677,97.50407898,,73.72200342,79.32875115,75.82566817
1994:4,78.92777283,151.5775468,126.6544652,53.58746808,81.63422236,43.41916124,60.22361142,45.36629485,,51.72181816,,50.84123574,,55.50320932,,,,39.89006687,,114.4466761,,,49.39829092,39.77773847,51.08958959,93.33213197,,,54.66884743,43.23013197,95.8919164,,73.64580318,79.15034894,75.57650956
1995:1,79.05174784,151.3046757,126.6630054,53.16220594,80.52384827,42.60992255,58.24490614,45.53868094,,52.26773854,,51.67490395,,55.22292056,,,,41.08469342,88.04748866,113.0040003,,,50.02744827,40.14541707,51.3151163,91.73748064,,,53.68502904,42.88489956,94.27584601,,73.25914015,78.84542554,75.16403558
1995:2,79.02597729,150.9637141,126.4236726,52.54645948,79.58235583,42.65482581,56.42091837,44.62232119,,52.35384783,,53.30132199,,54.93238336,,,,42.71524929,89.43829618,110.6523976,,,50.45658697,40.55023348,52.04485463,91.04793417,,,54.12841584,42.61898165,92.76076837,,72.9517894,78.57373207,74.87363899
1995:3,79.43188062,150.5609929,125.7074654,51.42548008,78.23733289,42.08577463,57.70691555,44.30054287,,52.82658385,,54.97582855,,54.79355933,,,,43.04710671,92.57186237,108.0057851,,,51.21425526,40.91076549,53.51326443,90.9789098,,,54.07319894,41.98070363,91.46172377,,72.59684595,78.45171505,74.22219847
1995:4,79.5649883,149.8553194,124.8313453,50.68366127,76.82798454,41.97541468,57.26941329,44.14063723,,53.70938115,,56.34321305,,54.35797383,,,,44.04420256,94.47837183,107.010477,,,52.36307475,41.9886964,54.56761373,90.62183995,,,54.5719584,41.8449504,89.78088928,,72.67790195,78.27287955,73.77533627
1996:1,79.82130399,149.28731,124.5363969,50.2394855,75.67045488,42.58903999,56.06231635,43.88519991,,52.84386442,,57.02394742,,54.85618126,,,,43.87995247,96.65520713,105.8759968,,,53.30263077,42.88282986,56.46686443,90.66312344,,,53.51991571,42.0661252,87.09137804,,72.71434369,78.15290178,73.23248801
1996:2,79.84157124,148.0531574,124.0741351,50.00742182,74.10697502,41.83867114,56.76503696,44.11334772,,53.59714118,,57.8690313,,56.48709186,,,,44.59754747,99.41140656,104.1245933,,,54.71391603,43.43189268,57.29640726,90.51337352,,,54.12885396,41.87795161,86.38690712,,72.9165689,77.94883555,73.0478678
1996:3,80.0275979,147.4706169,123.312192,50.12003117,72.43690686,42.56058009,56.94865763,44.30673111,,53.53679497,,59.53976602,,58.68525494,,,,45.86242293,96.3830255,102.0226291,,,56.15233428,44.3637327,57.36978128,89.56036932,,,53.15380159,42.35102633,86.72623064,,72.99743187,77.90904511,72.61128424
1996:4,79.94381264,146.8618911,122.4347893,50.4145464,70.6335915,44.06854873,56.73424647,44.21639749,,54.31379903,,61.26967388,,60.54454601,,,,45.86236048,97.73957004,101.5629018,,,57.49390135,45.76034845,58.09743042,89.63221375,,,54.38240339,42.84189643,84.65907128,,73.09493276,77.97342636,72.5274019
1997:1,80.09430341,146.3407529,121.2848187,49.08999563,68.8084255,45.16225144,57.56157732,44.3557014,,52.25780445,,62.93308027,,63.52844137,58.2939521,,,49.07933964,99.52321688,102.1233873,,,58.90577825,46.28367883,59.41592314,89.863955,,,53.78552181,43.43436022,83.14839755,,72.51676429,77.89778884,71.55892531
1997:2,80.57196739,143.7918793,120.7970636,49.91428074,68.48232107,45.25502921,57.74066072,44.83898632,,54.23661913,,64.04023716,,65.11044241,58.65559682,,,50.37001095,101.1533626,101.5201022,,,60.13981391,47.48461251,60.26279342,90.31623897,,,55.43368879,44.2065777,82.38272238,,73.36982953,78.12439524,72.15304759
1997:3,80.96535641,143.3314588,119.0697033,49.40132239,67.86913896,46.49012905,57.82152006,45.52801103,,54.38664927,,65.16393878,,66.24963142,59.84397577,,,51.39623376,102.2993171,99.8847277,,,61.02931114,48.87853593,60.13783912,91.03357745,,,55.30342056,44.66340641,82.36890843,,73.11857423,78.24483189,71.70042956
1997:4,81.58573881,143.0556631,118.1866312,49.85835065,68.03236538,46.4468536,56.99650664,46.21646435,,55.20396148,,65.72786851,,67.12244221,61.70746698,,,52.72553943,100.8852078,97.26346223,,,62.30481244,50.02711024,60.10664179,91.2391877,,,53.78843409,45.46708504,82.13856208,,73.17550628,78.39938107,71.7272519
1998:1,82.59782956,142.7243776,117.7702509,49.51304292,68.15595379,47.90765186,56.26801981,47.13576323,,55.91950222,,66.77982957,,68.1213138,63.48724157,,,55.12283021,99.82959699,91.59665335,,,63.47875392,52.02194631,59.02387241,91.42982013,,,54.12498179,46.87052667,82.29389605,,73.01518781,78.83353753,71.86171074
1998:2,83.60468955,142.2397438,116.6276296,50.06460474,68.2648111,49.91029179,55.88981371,47.85159618,,55.85133465,,69.19317425,,69.31304927,64.90421628,,,59.03173733,98.27419691,85.49683275,,,64.8864057,52.71867377,57.83435224,91.89461626,,,56.2477906,47.77458807,81.89848533,,73.84632075,79.41058878,72.38749283
1998:3,84.44924852,141.9728771,116.359388,50.52319739,68.37922552,51.15935953,55.64516176,48.05433579,,57.41450443,,69.80895738,,70.94556693,65.76778151,,,63.18299375,97.15158899,83.64011966,,,66.40424109,52.34812857,57.37274168,92.68037704,,,57.33161002,48.84629457,81.77986704,,74.49854679,79.96621197,72.97287563
1998:4,85.61279166,140.3503436,117.1833563,51.2918379,69.0257943,51.19585691,56.01445387,48.74438693,,58.363094,,71.27912812,,70.96409904,66.8944061,,,65.60348754,99.14787764,81.69291964,,,68.65302484,51.7932764,58.09197585,93.81966283,,,56.9202736,50.28885454,81.58292119,,74.85367593,80.54660734,73.72389978
1999:1,86.65666095,139.8153955,118.2184784,52.81987455,69.86140722,52.00248929,56.08216038,49.6012396,,59.57738814,,72.04512637,,71.69957226,67.58867787,,,70.45588028,97.32335979,82.29754226,,,70.92288235,54.0539159,58.19425752,96.95752789,,,57.65603202,50.6141333,81.83896993,,75.66988492,81.45494327,75.03096949
1999:2,87.48258686,138.8781383,118.6719437,53.39815147,70.65103127,53.63912544,57.11913984,50.37122925,,60.59935926,,72.60801123,,72.40927977,68.88768759,,,72.36563003,96.98438045,82.42257948,,,73.51827159,55.73211923,59.16546894,97.78050552,,,57.6076589,51.7374928,81.50154694,,76.35705264,82.1893391,75.76049406
1999:3,88.37724515,137.7984225,119.1100751,54.64127076,71.40609311,55.9592364,57.28451525,51.26174436,,61.73139425,,72.84157043,,75.25298409,70.12269027,,,74.5612982,97.70838228,82.32027674,,,76.30332501,57.66913165,59.33499844,99.42618666,,,59.21970199,52.78859486,81.09437784,,77.29194062,83.10275679,76.9933273
1999:4,89.21915795,136.9443663,118.913051,55.41667139,71.96867942,58.00384849,57.29319508,52.44483447,,61.00956868,,72.74225011,,75.48768907,71.1749397,,,77.28048521,95.67025182,81.89818095,,,80.02970846,60.16589418,58.79730832,100.0217339,,,60.51379405,53.82504252,81.69399417,,77.98417438,83.83132151,77.78047285
2000:1,90.01589918,135.6194661,118.1886931,56.36021837,72.82398562,60.31871949,57.58073364,53.24802051,94.90693368,61.96152357,,73.58866111,,74.19085329,70.6791245,,,80.83687421,91.00217253,81.09193114,,,82.05047599,62.40977574,57.97137228,101.1498479,,,60.7641031,55.22053759,80.69155454,,78.48475405,84.42181779,78.339779
2000:2,91.1366221,134.746945,118.2563714,57.0803106,73.86436373,62.37744214,58.2359165,53.85375816,94.98948669,61.68400638,,74.88915245,,74.63355714,71.0944384,,,83.80833502,91.72292388,81.59080968,,,84.56380475,64.70957602,57.95202528,101.9640522,,,60.49999902,57.11006442,81.68039256,,79.09477003,85.26610346,78.94321453
2000:3,92.02310349,133.4805462,117.5560674,57.9016206,74.94402271,62.79037897,58.57193966,52.61597377,91.53846171,61.31117438,,75.7562631,,73.42883555,75.08308622,,,85.60058733,89.92902628,79.78363858,,,87.11310882,64.1028457,57.38042883,102.547118,,,60.68647225,58.42120463,81.87745969,,79.54366297,85.61561975,79.46260773
2000:4,93.1257981,132.3128139,117.1458262,58.25999728,75.71700062,65.32044791,58.49146979,53.5161243,92.96007579,62.53625315,,76.66830238,,71.40376809,80.70162841,,,88.52677276,89.0208909,78.48042712,,,88.84478896,64.87662976,56.47694039,104.5656081,,,61.56671742,59.55440973,81.9606204,,80.08785739,86.35338131,80.16633865
2001:1,94.22058087,130.8057938,116.7983544,59.33304464,76.77624265,65.64254507,58.93675048,54.51956824,94.37031716,63.33753873,,77.80953215,,71.13691031,78.215281,,,91.58222074,87.67757239,77.69292493,,,89.14721907,65.32107439,56.72216234,104.2342574,,,63.00396681,60.98601943,81.98129606,,80.62602652,86.93546896,80.89036029
2001:2,95.2804286,130.3915666,116.3837999,60.20209236,77.56800191,66.72919451,59.1060927,55.87239164,91.68819763,63.31274656,,77.63383379,,70.41905308,79.21317789,,,91.69638427,85.86602287,78.53487562,,,90.54744741,65.72088356,56.94219844,104.6708835,,,63.32831114,60.56777473,82.45614715,,80.92537509,87.57399198,81.29473433
2001:3,96.68031122,129.3648855,115.5038232,61.09401985,78.77515052,68.31597327,60.12411881,58.74885541,93.76603252,63.73466003,,77.82313999,,70.80394159,83.96460681,,,91.91194404,86.06010446,80.6010492,,,92.07159168,68.02081279,57.2676509,104.463563,,,64.51891114,61.0252477,82.69459825,,81.8209344,88.62181703,82.08750646
2001:4,98.12758914,128.6128692,113.9120754,62.2290764,80.44362488,68.14494777,60.92994571,60.05092582,91.4578516,64.2380419,,77.94182631,,70.34635242,90.25234904,,,89.19451748,86.23937407,82.54567829,,,92.60180299,69.20395723,57.95146666,104.4854486,,,66.94576575,60.72037006,83.67647748,,82.69724631,89.4967509,82.90074786
2002:1,99.60433856,127.3146121,112.4502284,62.98047322,81.5853065,71.06207726,61.59964911,62.41626857,92.2196302,65.00740406,,78.80371096,,71.39270973,86.63807396,,,89.73397102,89.18800879,87.37912567,,,93.64348671,69.39812858,59.12776781,103.7795145,,,69.58555714,61.7878908,84.99248633,,83.86763276,90.66678116,83.45724019
2002:2,100.6740892,126.2329872,111.3703323,64.45592149,82.81916408,75.37408896,63.09644593,65.46111943,92.12876033,66.42158595,,79.28329659,,72.63752039,89.3963317,,,91.34872198,89.12292571,89.34600009,,,94.0045783,69.63885513,60.71632224,102.9239714,,,72.64080017,62.89799328,85.24349839,,85.02772654,91.89425516,84.50533583
2002:3,102.0903342,125.0338211,110.5929521,66.12528708,84.11491092,79.39529556,64.10777481,67.62317357,93.79724315,67.50519132,,79.29836899,,74.21422965,93.05290658,,,93.47169745,85.90340956,91.36959687,,,94.45108635,69.26809468,62.57870562,101.3305056,,,74.28075505,64.56442237,86.03873996,,86.03995836,93.12190774,85.52279515
2002:4,103.6677602,123.8203813,110.0998259,67.58941149,85.60226124,83.7500616,64.64511236,69.16784887,92.18632889,68.83748092,,79.72663575,,75.02649869,98.83229815,,,95.47437376,85.26103319,92.99082848,,,94.52805504,69.35308067,64.90683758,100.9538722,,,76.51797103,65.53720637,87.58269443,,86.78374827,94.40308062,86.61189582
2003:1,104.7559272,122.4999518,108.8075695,68.80998886,86.83920474,86.04787159,65.45899415,71.0899572,91.68408111,68.80978713,,79.39369124,,76.50667084,92.65188647,,,97.55624599,83.1513573,93.5035871,,,94.53745628,67.65586345,67.84869744,100.8951793,,,79.59600345,65.50084367,87.57080985,,87.10040475,95.10958463,87.19295721
2003:2,106.3709204,120.874209,108.895156,70.83566462,88.84820307,87.58208846,67.05073857,74.6898455,91.62064762,69.91481532,,80.56075343,,76.91819868,89.69680119,,,100.3484784,80.96173851,95.15083866,,,95.22113674,67.87482927,70.91404938,100.6386267,,,84.42562348,66.48240384,88.17966826,,88.28098566,96.41963273,88.80024943
2003:3,107.8042811,119.0469311,108.1737789,72.55249183,90.59445376,88.55202779,68.16689489,78.72377915,89.75582461,70.94362998,,81.13999309,,79.8703407,93.65918463,,,102.8239503,82.38920682,96.26979327,,,95.06171172,68.81857826,75.50449838,100.3239104,,,86.84738431,66.96581936,88.80281791,,89.22326659,97.42287396,89.89291011
2003:4,109.8110053,117.5319987,107.3070959,74.55290417,92.26840715,90.90927353,69.41223375,81.09356008,92.70936243,72.52594451,,82.020923,,80.27099056,99.12093184,,,105.7349985,82.49556906,96.22524854,,,96.25739799,70.29180907,80.1675323,99.85533987,,,89.92002467,68.31893201,88.693849,,90.39826315,98.77488754,91.31093058
2004:1,111.4304952,115.6927995,106.52982,77.1841418,93.86111276,92.17089775,70.06678657,81.36018922,84.43218293,73.24629643,,83.59459467,,82.74565957,89.854487,,,108.072774,81.35327889,95.24455113,,,97.7402356,73.29976864,81.9859696,99.60354529,,,93.03058986,70.17042205,89.16302833,,91.02848715,99.58018739,92.14714208
2004:2,113.4286198,114.3208477,105.4280149,79.31503221,95.37419223,96.2579038,71.46749761,79.92677776,88.90545064,73.53726999,,85.50790734,,84.126024,88.72139996,,,110.5553559,82.45995506,94.41780351,,,97.9755536,74.03861547,83.56024609,98.69525384,,,96.10830213,71.9741667,89.00661536,,92.15613606,100.8101777,93.22330882
2004:3,115.7047073,112.8344836,104.5833629,81.93246891,96.76403076,99.1358849,72.80283807,79.60356624,88.37339688,75.45305689,,88.01612873,,85.65069089,93.72399251,,,113.0146559,81.41319801,92.31558868,,,98.61021989,75.00126838,86.40095945,98.30515012,,,98.67343016,72.97059873,89.88580574,,93.49507161,102.0699134,94.51087179
2004:4,117.6423039,111.2895105,103.4769712,84.68998688,98.17479306,99.99131971,73.38511797,79.99009198,90.05960132,77.39650223,,90.46092181,,85.33264259,100.8331504,,,112.4819129,79.71636668,91.56750472,,,99.44311862,76.56464923,87.86111782,97.551198,,,101.4630377,74.77458232,90.0172549,,94.93766179,103.1042208,95.83494626
2005:1,119.9124425,110.2838226,102.5268601,87.46354432,99.53222806,100.0540526,73.99649543,80.15241812,89.1163328,79.56100642,,93.43585953,100.533232,87.24811875,97.40046363,,114.0667472,114.5693962,78.74496656,91.10867326,,95.12084651,99.61437757,78.93796329,91.46665141,97.09101916,74.19637262,,104.1435713,75.60777991,89.8866199,,95.96671825,104.1674846,96.81658103
2005:2,122.2508165,109.1592181,101.5733331,90.36116211,100.5763459,99.51578214,75.89018833,79.87449078,89.69254515,81.40894193,,97.64306677,110.993116,89.3034669,100.0800576,,125.1142709,116.3086271,80.38763163,91.78441218,,95.74815576,99.9684073,78.5231939,94.49350106,97.87805122,73.74380764,,106.6619485,76.70250247,89.50940018,,97.19579688,105.3345128,97.98069748
2005:3,124.0984414,108.2426836,100.4944774,93.03328666,101.5112369,99.53759689,77.18553947,79.04099561,89.53383946,82.99870999,,102.8144936,118.497039,92.07887826,105.7831521,,132.4289756,119.0592529,80.38330101,92.81694191,,98.31164823,100.2510529,80.29608098,96.59061737,99.02534355,76.18462369,,108.9625627,78.90285659,90.30139388,,98.328424,106.4570291,99.10241979
2005:4,125.7870171,107.2412638,100.4581931,95.49009232,102.5275321,99.92094088,78.39340581,79.68707426,91.55963169,84.97778362,,108.6437608,131.1419255,93.48169153,114.9762594,,136.5644782,122.9189156,81.04267754,92.76072113,,98.86552387,100.8562443,82.08863269,99.35866608,98.35727267,77.3553125,,111.2762813,81.52898679,90.74040215,,99.68977872,107.5618699,100.5923275
2006:1,127.1110744,106.2018692,100.3144388,97.89723186,103.647018,100.9487834,79.45369152,80.64560049,91.43999672,87.59695565,,115.2697946,147.7654344,93.16272291,110.9609324,,140.1588088,126.0650282,79.95299664,93.87215743,,99.85562901,101.2312411,84.68953609,100.4145711,97.78215395,80.74277526,,112.2121259,84.6916224,91.09690823,,100.6922773,108.4653108,101.480825
2006:2,127.0487483,105.978829,100.2082233,99.77732004,104.3333949,102.4719776,82.44004756,82.41634544,91.60955446,89.00826823,,119.897956,157.3108635,93.89972629,112.9209529,,138.5125451,129.7354012,78.94141772,95.28513251,,99.92809896,102.2998674,87.34636483,100.8299304,97.41519148,82.47405932,,113.6334868,85.90819165,91.41863475,,101.6906717,109.0932667,102.3954025
2006:3,126.4667939,105.3128159,100.2041609,101.4460406,105.1862839,104.1520112,86.6625578,83.90338624,92.13215452,89.18789357,,121.6326676,168.1449325,95.79238396,114.6836802,,137.0026572,134.8573281,78.39319329,95.79746112,,99.74361121,102.825237,91.20586583,102.8242619,96.89522389,84.52081898,,114.8890589,87.0049817,90.5209745,,102.5295573,109.4812881,103.2643497
2006:4,127.398169,105.5305156,100.3393232,103.0779985,106.1859476,105.760716,88.11584858,84.54963733,91.73311321,91.40019142,,123.3902988,181.7311971,97.08477871,117.8434098,,135.9353614,137.7740459,77.36271524,100.247858,,100.6004698,103.9333956,93.79944613,105.9052336,96.64529987,87.95004203,,117.0294233,88.99298469,91.00719031,,103.5432565,110.6064413,104.3995857
2007:1,127.0060811,105.6875335,100.2047029,104.1246535,107.1679962,109.3071917,87.66312468,85.59413243,93.03291929,93.41650994,,124.7779044,185.4544527,97.4578064,117.39732,117.3430226,137.960114,140.7329219,76.5745928,103.6693483,97.74136512,101.5669037,103.5528313,97.46926588,109.6111225,96.57567738,91.20505158,108.9468055,116.8507232,90.59062358,92.29144241,,103.9787926,111.1187346,104.895659
2007:2,125.7222161,105.5186097,100.1810657,104.7912337,107.8239177,110.6206693,91.12626522,87.76880226,94.42989657,94.46777131,,124.070137,191.2328665,97.25292778,117.7680604,118.8252862,142.5899381,140.1050423,77.12701225,102.86604,96.78035357,103.6829558,104.5274901,99.31115211,112.9843753,95.57912679,97.46831727,109.4522684,116.875889,93.21718336,91.45047278,,104.3992202,111.2058819,105.3299189
2007:3,123.5345448,105.4708556,99.85004591,105.2448676,108.1570694,113.1312408,94.97071099,90.98126036,94.71100442,95.96301573,,124.1277261,182.1009595,99.04579597,118.4030222,121.8543186,147.0437218,138.1236286,77.81356109,102.614593,100.8257519,102.5043295,105.7321019,100.6329483,113.4189607,95.36778421,104.1289329,111.9179869,117.426864,96.32552071,91.35082563,,104.9081797,110.9711848,105.6926893
2007:4,120.2752669,105.073425,99.14749968,105.7278041,108.2171042,113.6466543,95.9057863,93.3768568,92.95619073,95.62379155,,123.0994081,175.2400795,98.47371823,116.6683395,121.4925869,149.3839652,137.2649608,76.27176984,102.7576278,98.14654309,102.4029171,106.0498251,99.6942343,112.1547979,94.88854944,112.1804002,113.8347861,116.8951468,97.45221365,90.51532261,,104.5306077,109.8621215,105.4784639
2008:1,116.5768421,104.6450327,98.66424657,105.1694186,108.3094698,113.0751709,95.52630802,93.86408811,91.82148041,95.72879311,103.9488615,121.1314138,166.588464,97.96314925,115.3615421,116.6514655,147.8763663,135.4155425,76.65038257,102.6655625,98.16553526,100.4795975,106.7129106,99.09410997,110.398606,95.55608512,118.2133788,113.8603998,116.1273804,96.2332785,89.79890796,,104.8069605,108.2725876,105.1623904
2008:2,112.2492574,103.8834104,99.14618246,104.0327578,106.7433969,110.7778548,96.46386637,91.9327727,91.10776781,96.51248692,107.2057396,119.2333263,157.3273092,97.20347181,114.6140138,118.0779952,136.4951299,131.2173148,77.57481092,102.6328775,98.85876823,100.671297,106.3903533,97.61029511,104.4884153,96.23897453,121.6576031,112.3879557,114.494048,95.22946908,90.72441976,,104.274277,106.3902751,104.5484455
2008:3,108.4546454,102.8462371,98.59706599,102.5194019,105.4723917,104.5470664,96.77059549,89.20294332,92.9995397,96.30780124,107.4715943,114.2416701,155.7400551,95.35632525,114.2858415,116.6926015,131.1768898,127.0916936,79.53094583,102.5805965,97.98448681,101.796971,107.0341776,94.08129468,101.1198014,96.99291959,118.8614884,113.1634865,112.2991549,94.95821186,91.33549934,,103.215127,104.2767289,103.6063391
2008:4,106.8635008,102.8000528,98.93569507,100.1023649,104.8685895,100.4913136,95.10235696,86.96299371,94.94814272,96.83241124,107.3747889,106.704294,135.3362216,90.91607908,113.5936095,115.525186,121.2088742,121.442688,80.80117329,101.9484565,98.24300362,100.7996716,107.605483,89.13815934,98.05560563,98.72857859,114.633453,111.2710942,109.985918,92.01788843,91.98689054,,102.5299549,102.9417625,102.7421042
2009:1,107.1049331,102.7456805,98.68185458,97.35884118,104.3229508,96.77374898,91.11311973,86.17403825,95.27916103,96.09880937,104.9610428,101.1315597,107.4617133,90.30990363,109.5967349,111.5214612,116.2383551,120.8364614,82.72165507,100.5952718,96.66342288,99.31286452,106.6082807,90.59917783,96.33216153,99.23574557,110.4879915,104.1779019,108.036419,91.44703338,94.33787831,,101.9540809,102.1374797,101.4722001
2009:2,105.0963985,102.2697901,99.21590845,95.51911467,102.7842487,95.53484353,90.50014816,89.0354912,96.33895825,95.54960036,101.2797659,99.50104595,98.83873893,91.77178195,109.8286061,108.2492038,107.0624964,114.4342653,85.19171977,99.47511062,96.03524499,100.4218255,104.7847079,92.88870908,98.32950945,99.27855301,105.5220148,102.4875465,106.6065135,93.32869789,95.50257369,,100.6172348,101.1255068,100.5714689
2009:3,103.9237722,101.9067718,99.80192094,95.51178795,101.7715445,96.98995451,94.03892221,92.89168103,95.80033469,96.66986041,100.198093,99.1456573,90.45763898,95.13354585,108.3542925,104.5974379,101.6496785,109.3260727,88.79330557,99.60871942,95.28423349,101.8701312,102.4483071,95.96543325,100.274731,99.43170693,102.9630836,98.88983353,104.6624476,94.6016578,96.517849,,100.1751023,100.9555479,100.0825343
2009:4,103.2342851,101.5135756,99.65866135,96.41910592,101.2564345,98.52909079,96.55841236,96.59856767,96.29544976,98.65239301,100.0816439,99.91227992,90.90823186,97.82700721,107.478729,101.3272066,102.1779804,106.1627462,93.26262025,100.8046093,96.53474123,101.8546801,101.3885537,98.21779952,102.3753599,99.97672041,101.4105931,99.90758224,103.7622701,96.98300942,98.43721702,,100.2081798,101.0460486,100.0401737
2010:1,101.8194248,100.5909239,98.99555316,98.00183291,100.4151759,100.3896241,98.08197802,99.65477764,99.06757015,99.12262098,101.3569735,99.88451758,100.3840336,99.19851277,105.2201033,102.59034,99.79263421,104.7888011,96.30521851,100.8959522,101.9217622,99.12929819,101.0277235,97.68827733,101.9085519,100.4074486,101.8883123,101.3123955,101.5290262,99.38749458,98.49120842,98.84321014,99.83105507,100.5515618,99.85029101
2010:2,101.2287379,100.0227878,100.0543886,99.30943309,100.0874584,100.8961315,100.4622501,100.7129447,99.90076964,99.32041883,100.128624,100.060473,99.84249059,99.58002144,101.4206165,100.5989466,99.23183279,101.7811613,99.06301508,100.19624,98.5432556,99.76981267,100.763835,100.068158,100.9978393,99.9632524,100.6228207,100.0927074,101.3888474,100.008382,98.93201476,99.39975745,100.1495289,100.5347355,100.149836
2010:3,99.20409652,100.0184047,100.3128054,100.5405017,99.96069611,100.1527942,101.6909197,100.0719717,99.94759798,99.93449797,98.99395939,99.62649584,100.8956504,100.8072902,97.32123163,98.87249454,100.0569651,98.17185323,100.7822776,99.42241807,100.0776828,100.4105513,99.64679843,100.4052806,99.39450372,100.163848,100.1707793,99.52189595,99.03364457,100.0281701,100.8900413,100.4422823,99.94565075,99.78188108,99.95719252
2010:4,97.7477408,99.36788357,100.6372528,102.1482323,99.53666962,98.56145016,99.76485217,99.56030604,101.0840622,101.6224622,99.52044319,100.4285136,98.87782534,100.4141756,96.0380486,97.93821888,100.9185679,95.25818434,103.8494888,99.48538974,99.4572994,100.6903378,98.561643,101.838284,97.69910508,99.46545103,97.31808759,99.07300108,98.04848188,100.5759534,101.6867355,101.3147501,100.0737653,99.1318216,100.0426805
2011:1,94.84742188,98.32847779,101.8025964,103.0327964,98.68320781,96.41772778,99.92714561,97.67233554,100.388333,99.29618622,101.1013967,97.86487696,101.4649212,100.1634608,94.74196896,95.26114036,99.88026703,91.58564386,105.8079887,100.2844126,100.5744015,100.1470728,97.16407045,105.3520549,97.76231051,98.13430143,95.81334956,103.6559749,93.70974227,100.9282018,102.1725602,100.7786069,99.50466114,97.69788964,99.52360461
2011:2,93.2883323,97.89402635,102.1957981,104.1672553,98.52314764,95.32135488,102.0234557,95.77236006,97.71600171,99.7164947,100.1587887,96.260214,102.6631069,99.27576641,92.78981127,93.87240372,100.6065194,87.44087159,107.6302486,101.3609598,100.3846895,100.3009118,96.19569846,105.0871337,97.85950401,97.51305197,94.22892202,101.2206533,92.53349926,100.1043263,103.4614459,101.549349,99.08204384,97.06249099,99.35764787
2011:3,93.21189542,97.42516912,104.2665309,104.4600931,98.00068961,94.88540484,104.9528504,94.12290453,102.2694136,100.5726749,98.94013025,93.19990784,103.177268,99.93840205,90.85081898,91.59984363,100.204554,83.13448874,107.5263918,101.8578436,100.867748,102.0539101,94.90560024,107.6021233,98.98183534,97.36450546,92.25115835,100.2663764,90.91125107,98.86639044,104.6760844,100.8680772,98.89982122,97.1397052,99.60693111
2011:4,93.14848612,96.88963669,105.6222761,103.5886684,96.7168483,94.50671444,104.3461581,92.37134357,102.737816,100.6146728,98.06480387,91.21081241,106.2045203,97.67398149,87.22905905,90.08399993,101.3636459,78.11707996,106.2387428,102.5653342,102.4737425,101.4931327,92.88382018,109.5508058,99.42137791,96.50050321,90.98220736,98.99504473,89.18599246,96.4515898,106.0858933,101.5444938,97.46855658,96.80681788,98.97126661
2012:1,93.26232451,96.03823331,107.2830837,102.5912846,95.69417849,94.93765313,103.9583073,92.25920146,108.2066247,100.0359949,96.6723618,89.59741612,105.7466924,98.43162098,83.26616154,87.93810517,101.8219703,75.3233626,105.4672473,102.7929784,102.6658593,101.4267154,90.82486408,109.749209,100.3395049,94.6848158,90.10304304,94.99405529,85.13068528,95.97287846,107.9806353,103.5551388,96.63376387,96.62823061,98.26785599
2012:2,94.77178194,95.87254812,108.1074266,101.8628587,93.8030834,95.32547249,106.1425565,91.66346587,110.1326265,100.1424117,95.46969113,88.55645463,106.7357388,96.96240895,81.48923149,84.6487361,101.6629315,73.7833514,106.8648005,102.3875034,103.2045617,101.1835224,89.21510446,112.0508724,101.3551577,94.66487226,88.82466109,93.45622795,82.80112789,95.50736585,107.8234041,102.7407584,95.77414453,96.98141367,97.5061334
2012:3,95.3559498,95.91138991,108.390895,101.1110248,91.81597341,95.46244295,107.9566707,91.31892582,111.5186166,100.2851136,94.86464186,88.66446573,107.6297834,98.5294511,78.75608172,82.80603049,102.2759177,73.08830811,107.9172244,102.1739993,103.8666679,100.6520706,85.18601668,114.3683876,103.1733806,93.4716156,88.83509924,92.73650768,80.26499559,96.96573286,109.6370113,105.2761536,94.49737129,97.03893109,96.40467721
2012:4,96.71473225,95.22113499,109.0418066,100.140741,89.60767936,94.6976375,107.0079309,92.01622797,111.5518966,99.98713866,95.27542673,89.39923418,107.9361353,98.04515263,76.13536536,80.79763067,101.3818329,73.13732336,110.861583,101.2980606,104.8096941,101.7713925,83.52581769,114.9105388,105.6105686,92.83173725,89.06931706,89.16399522,77.44316442,97.59559754,111.1223734,106.2904765,93.525362,97.21436544,95.34516328
2013:1,98.54703463,94.86177877,111.5797156,99.56047852,88.16891704,94.81898023,105.7881549,92.58665213,110.6642074,100.5341444,94.70705063,90.29487144,108.9593211,98.4640088,74.52536451,80.26636258,101.9967403,71.92336858,113.2847355,100.9471028,104.9702123,101.8018833,80.54061256,115.2462991,107.6113679,91.22196275,88.46595438,89.79892477,76.3382511,98.22323054,112.878943,107.7671052,92.57551671,97.8349965,95.1247885
2013:2,100.8204127,94.59973781,112.5326177,98.95171821,87.03947011,96.05694299,107.2624896,94.11246115,113.0859644,101.2346334,94.23569486,90.26816994,111.5650634,97.64515497,72.72585739,80.16921814,103.51404,72.33670526,114.0285311,100.6696942,106.7816421,102.0716688,79.36990054,115.2110436,110.3861679,90.75227686,88.0079474,88.62822664,75.76080097,98.36427309,114.6476325,108.816955,92.18775295,98.75582457,94.88455154
2013:3,102.1781702,94.05673064,114.0951082,98.05179014,85.47482529,96.48424405,109.1049498,96.49128045,114.4199193,100.550077,94.10872337,90.29972428,116.1700758,98.17054999,72.25022543,80.09928484,104.5021057,73.86286975,115.9295393,100.5154223,108.9103056,102.4377346,79.31580448,113.355279,113.0818276,89.64312619,86.52442598,85.8374586,75.04378357,98.82249424,115.5502509,112.6003353,91.86475357,99.38880318,94.68488527
2013:4,103.1360634,,114.6420776,97.93596633,84.71910596,97.99270279,109.1886366,98.62364363,114.0003024,100.2633361,94.46555895,90.78167281,121.1927457,97.42721894,70.79145248,79.25147932,105.4815407,76.29471803,117.2640257,100.7686855,108.6341296,103.2897903,79.49112933,112.4468828,114.257936,89.77161715,86.08467219,86.75270717,73.61605624,100.4590299,116.647675,113.3914674,91.29623058,99.93967936,94.43364919
2014:1,,,,,,,109.1769289,100.5003262,113.6283114,,,,,96.15808891,,,108.57989,76.50574025,,101.0049198,,103.9847868,79.43055175,112.256367,,89.89359403,,,,101.4222923,115.9841404,,,,
